{"cameraMode":{"drawMode":0,"name":"Shaded","section":"Shading Mode"},"sceneLighting":true,"audioPlay":false,"sceneViewState":{"showFog":true,"showMaterialUpdate":false,"showSkybox":true,"showFlares":true,"showImageEffects":true,"showParticleSystems":true},"in2DMode":false,"pivot":{"x":10.154712677001954,"y":8.235786437988282,"z":42.619300842285159},"rotation":{"x":0.36532676219940188,"y":0.26260989904403689,"z":-0.10822385549545288,"w":0.8864881992340088},"size":130.80015563964845,"orthographic":false}